<?xml version="1.0" encoding="utf-8"?>
<!--/966056/206180/2.50/6/4/Connector/-->
<quadcept_library>
  <setting unit="mil" />
  <textstyle name="Default" height="47.244094488189" strokewidth="7.8740157480315" charwidth="47.244094488189" />
  <textstyle name="Dimension" height="19.6850393700787" strokewidth="0" charwidth="19.6850393700787" />
  <textstyle name="H127W0635TH00762" height="50" strokewidth="3" charwidth="25" />
  <textstyle name="H15W15TH02" height="59.0551181102362" strokewidth="7.8740157480315" charwidth="59.0551181102362" />
  <padstyle name="c78.3" surface="True" plated="False" isvia="False" nopaste="False" nomask="True" complex="False" holesize="0">
    <padshape layer="TOP" shape="round" width="30.826771653543" height="30.826771653543" />
    <padshape layer="TOP_SOLDER_MASK" shape="round" width="38.700787401574" height="38.700787401574" />
    <padshape layer="TOP_SOLDER_PASTE" shape="round" width="30.826771653543" height="30.826771653543" />
  </padstyle>
  <padstyle name="c122.55_h245.1" surface="False" plated="True" isvia="False" nopaste="True" nomask="True" complex="False" holesize="96.496062992125">
    <padshape layer="TOP" shape="round" width="48.248031496062" height="48.248031496062" />
    <padshape layer="TOP_SOLDER_MASK" shape="round" width="56.122047244094" height="56.122047244094" />
    <padshape layer="INNER" shape="round" width="48.248031496062" height="48.248031496062" />
    <padshape layer="BOTTOM" shape="round" width="48.248031496062" height="48.248031496062" />
    <padshape layer="BOTTOM_SOLDER_MASK" shape="round" width="56.122047244094" height="56.122047244094" />
  </padstyle>
  <padstyle name="c53.35_h106.7" surface="False" plated="True" isvia="False" nopaste="True" nomask="True" complex="False" holesize="42.007874015748">
    <padshape layer="TOP" shape="round" width="21.003937007874" height="21.003937007874" />
    <padshape layer="TOP_SOLDER_MASK" shape="round" width="28.877952755905" height="28.877952755905" />
    <padshape layer="INNER" shape="round" width="21.003937007874" height="21.003937007874" />
    <padshape layer="BOTTOM" shape="round" width="21.003937007874" height="21.003937007874" />
    <padshape layer="BOTTOM_SOLDER_MASK" shape="round" width="28.877952755905" height="28.877952755905" />
  </padstyle>
  <footprint name="TC2030IDC" originx="0" originy="0" pickpointx="0" pickpointy="0">
    <pcbpin number="1" name="1" style="c78.3" originx="-37.51968503937" originy="-25" rotation="90" />
    <pcbpin number="2" name="2" style="c78.3" originx="-37.51968503937" originy="25" rotation="90" />
    <pcbpin number="3" name="3" style="c78.3" originx="12.48031496063" originy="-25" rotation="90" />
    <pcbpin number="4" name="4" style="c78.3" originx="12.48031496063" originy="25" rotation="90" />
    <pcbpin number="5" name="5" style="c78.3" originx="62.519685039369" originy="-25" rotation="90" />
    <pcbpin number="6" name="6" style="c78.3" originx="62.519685039369" originy="25" rotation="90" />
    <pcbpin number="7" name="7" style="c122.55_h245.1" originx="-87.519685039369" originy="-99.999999999999" rotation="90" />
    <pcbpin number="8" name="8" style="c53.35_h106.7" originx="-87.519685039369" originy="-0" rotation="90" />
    <pcbpin number="9" name="9" style="c122.55_h245.1" originx="-87.519685039369" originy="99.999999999999" rotation="90" />
    <pcbpin number="10" name="10" style="c122.55_h245.1" originx="37.480314960629" originy="-99.999999999999" rotation="90" />
    <pcbpin number="11" name="11" style="c122.55_h245.1" originx="37.480314960629" originy="99.999999999999" rotation="90" />
    <pcbpin number="12" name="12" style="c53.35_h106.7" originx="112.48031496063" originy="-40" rotation="90" />
    <pcbpin number="13" name="13" style="c53.35_h106.7" originx="112.48031496063" originy="40" rotation="90" />
    <line layer="TOP_ASSEMBLY" originx="-157.48031496063" originy="153.54330708661" endx="232.28346456693" endy="153.54330708661" width="7.8740157480314" />
    <line layer="TOP_ASSEMBLY" originx="232.28346456693" originy="153.54330708661" endx="232.28346456693" endy="-153.54330708661" width="7.8740157480314" />
    <line layer="TOP_ASSEMBLY" originx="232.28346456693" originy="-153.54330708661" endx="-157.48031496063" endy="-153.54330708661" width="7.8740157480314" />
    <line layer="TOP_ASSEMBLY" originx="-157.48031496063" originy="-153.54330708661" endx="-157.48031496063" endy="153.54330708661" width="7.8740157480314" />
    <line layer="TOP_SILKSCREEN" originx="-157.48031496063" originy="153.54330708661" endx="232.28346456693" endy="153.54330708661" width="3.9370078740157" />
    <line layer="TOP_SILKSCREEN" originx="232.28346456693" originy="153.54330708661" endx="232.28346456693" endy="-153.54330708661" width="3.9370078740157" />
    <line layer="TOP_SILKSCREEN" originx="232.28346456693" originy="-153.54330708661" endx="-157.48031496063" endy="-153.54330708661" width="3.9370078740157" />
    <line layer="TOP_SILKSCREEN" originx="-157.48031496063" originy="-153.54330708661" endx="-157.48031496063" endy="153.54330708661" width="3.9370078740157" />
    <line layer="TOP_PLACE_BOUND" originx="-196.85039370078" originy="192.91338582677" endx="271.65354330708" endy="192.91338582677" width="3.9370078740157" />
    <line layer="TOP_PLACE_BOUND" originx="271.65354330708" originy="192.91338582677" endx="271.65354330708" endy="-192.91338582677" width="3.9370078740157" />
    <line layer="TOP_PLACE_BOUND" originx="271.65354330708" originy="-192.91338582677" endx="-196.85039370078" endy="-192.91338582677" width="3.9370078740157" />
    <line layer="TOP_PLACE_BOUND" originx="-196.85039370078" originy="-192.91338582677" endx="-196.85039370078" endy="192.91338582677" width="3.9370078740157" />
    <line layer="TOP_SILKSCREEN" originx="-39.370078740157" originy="-165.35433070866" endx="-39.370078740157" endy="-165.35433070866" width="3.9370078740157" />
    <arc layer="TOP_SILKSCREEN" originx="-37.401574803149" originy="-165.35433070866" startangle="180.0" sweepangle="-180.0" radius="1.9685039370078" width="3.9370078740157" />
    <line layer="TOP_SILKSCREEN" originx="-35.433070866141" originy="-165.35433070866" endx="-35.433070866141" endy="-165.35433070866" width="3.9370078740157" />
    <arc layer="TOP_SILKSCREEN" originx="-37.401574803149" originy="-165.35433070866" startangle=".0" sweepangle="-180.0" radius="1.9685039370078" width="3.9370078740157" />
  </footprint>
  <symbol name="TC2030-IDC" originx="0" originy="0">
    <line originx="200" originy="100" endx="600" endy="100" width="0" />
    <line originx="600" originy="-300" endx="600" endy="100" width="0" />
    <line originx="600" originy="-300" endx="200" endy="-300" width="0" />
    <line originx="200" originy="100" endx="200" endy="-300" width="0" />
    <sympin number="1" originx="200" originy="0" rotation="180" length="100" width="7.8740157480315" flipped="False">
      <text name="pinname" originx="230" originy="0" style="Default" rotation="0" justify="left" flipped="False" hidden="False" data="1" />
      <text name="pindes" originx="140" originy="20" style="Default" rotation="0" justify="lowerright" flipped="False" hidden="False" data="1" />
    </sympin>
    <sympin number="2" originx="600" originy="0" rotation="0" length="100" width="7.8740157480315" flipped="False">
      <text name="pinname" originx="570" originy="0" style="Default" rotation="0" justify="right" flipped="False" hidden="False" data="2" />
      <text name="pindes" originx="660" originy="20" style="Default" rotation="0" justify="lowerleft" flipped="False" hidden="False" data="2" />
    </sympin>
    <sympin number="3" originx="200" originy="-100" rotation="180" length="100" width="7.8740157480315" flipped="False">
      <text name="pinname" originx="230" originy="-100" style="Default" rotation="0" justify="left" flipped="False" hidden="False" data="3" />
      <text name="pindes" originx="140" originy="-80" style="Default" rotation="0" justify="lowerright" flipped="False" hidden="False" data="3" />
    </sympin>
    <sympin number="4" originx="600" originy="-100" rotation="0" length="100" width="7.8740157480315" flipped="False">
      <text name="pinname" originx="570" originy="-100" style="Default" rotation="0" justify="right" flipped="False" hidden="False" data="4" />
      <text name="pindes" originx="660" originy="-80" style="Default" rotation="0" justify="lowerleft" flipped="False" hidden="False" data="4" />
    </sympin>
    <sympin number="5" originx="200" originy="-200" rotation="180" length="100" width="7.8740157480315" flipped="False">
      <text name="pinname" originx="230" originy="-200" style="Default" rotation="0" justify="left" flipped="False" hidden="False" data="5" />
      <text name="pindes" originx="140" originy="-180" style="Default" rotation="0" justify="lowerright" flipped="False" hidden="False" data="5" />
    </sympin>
    <sympin number="6" originx="600" originy="-200" rotation="0" length="100" width="7.8740157480315" flipped="False">
      <text name="pinname" originx="570" originy="-200" style="Default" rotation="0" justify="right" flipped="False" hidden="False" data="6" />
      <text name="pindes" originx="660" originy="-180" style="Default" rotation="0" justify="lowerleft" flipped="False" hidden="False" data="6" />
    </sympin>
  </symbol>
  <component name="TC2030-IDC" designatorprefix="J" height="748.03149606298" footprint="TC2030IDC">
    <comppin designator="1" sympin="1" pinswap="0" gateswap="0" gate="1" group="1" side="" type="Any" name="1" />
    <comppin designator="2" sympin="2" pinswap="0" gateswap="0" gate="1" group="1" side="" type="Any" name="2" />
    <comppin designator="3" sympin="3" pinswap="0" gateswap="0" gate="1" group="1" side="" type="Any" name="3" />
    <comppin designator="4" sympin="4" pinswap="0" gateswap="0" gate="1" group="1" side="" type="Any" name="4" />
    <comppin designator="5" sympin="5" pinswap="0" gateswap="0" gate="1" group="1" side="" type="Any" name="5" />
    <comppin designator="6" sympin="6" pinswap="0" gateswap="0" gate="1" group="1" side="" type="Any" name="6" />
    <attached_symbol gate="1" name="TC2030-IDC" />
    <pinmap designator="1" footprintpin="1" />
    <pinmap designator="2" footprintpin="2" />
    <pinmap designator="3" footprintpin="3" />
    <pinmap designator="4" footprintpin="4" />
    <pinmap designator="5" footprintpin="5" />
    <pinmap designator="6" footprintpin="6" />
    <text name="Datasheet" originx="0" originy="0" style="Default" rotation="0" justify="" flipped="False" hidden="True" data="https://datasheet.datasheetarchive.com/originals/distributors/Datasheets_SAMA/62bc384e093448baaaa63dbd0b9d8707.pdf" />
    <text name="Description" originx="0" originy="0" style="Default" rotation="0" justify="" flipped="False" hidden="True" data="CABLE ADAPTER 6 POS" />
    <text name="Manufacturer_Name" originx="0" originy="0" style="Default" rotation="0" justify="" flipped="False" hidden="True" data="Tag Connect" />
    <text name="Manufacturer_Part_Number" originx="650" originy="200" style="Default" rotation="0" justify="left" flipped="False" hidden="False" data="TC2030-IDC" />
    <text name="Mouser Part Number" originx="0" originy="0" style="Default" rotation="0" justify="" flipped="False" hidden="True" data="" />
    <text name="Mouser Price/Stock" originx="0" originy="0" style="Default" rotation="0" justify="" flipped="False" hidden="True" data="" />
    <text name="Arrow Part Number" originx="0" originy="0" style="Default" rotation="0" justify="" flipped="False" hidden="True" data="" />
    <text name="Arrow Price/Stock" originx="0" originy="0" style="Default" rotation="0" justify="" flipped="False" hidden="True" data="" />
  </component>
</quadcept_library>
